term,a1_bin,a1_perc,a2_bin,a2_perc
harassment,3.0,0.14300000000000002,1.0,0.053
assault,2.0,0.098,2.0,0.067
weinstein,2.0,0.08199999999999999,1.0,0.033
allegations,2.0,0.08199999999999999,2.0,0.069
abuse,2.0,0.066,1.0,0.025
misconduct,2.0,0.064,1.0,0.057999999999999996
trump,1.0,0.055999999999999994,1.0,0.008
harvey,1.0,0.054000000000000006,1.0,0.021
campaign,1.0,0.051,1.0,0.013000000000000001
media,1.0,0.05,1.0,0.023
accusations,1.0,0.05,1.0,0.048
hashtag,1.0,0.047,1.0,0.006
time's,1.0,0.037000000000000005,1.0,0.021
metoo,1.0,0.036000000000000004,1.0,0.004
women's,1.0,0.033,1.0,0.025
workplace,1.0,0.03,1.0,0.018000000000000002
tarana,1.0,0.03,1.0,0.006
burke,1.0,0.03,1.0,0.006
democrats,1.0,0.025,0.0,0.0
victims,1.0,0.024,1.0,0.013000000000000001
survivors,1.0,0.024,1.0,0.01
activist,1.0,0.022000000000000002,1.0,0.003
tweeted,1.0,0.021,0.0,0.0
supporters,1.0,0.02,1.0,0.012
reckoning,1.0,0.02,1.0,0.006999999999999999
america,1.0,0.019,1.0,0.002
actress,1.0,0.019,1.0,0.018000000000000002
industries,1.0,0.018000000000000002,0.0,0.0
milano,1.0,0.017,0.0,0.0
argento,1.0,0.017,1.0,0.003
violence,1.0,0.016,1.0,0.005
sexually,1.0,0.016,1.0,0.006
robbins,1.0,0.016,0.0,0.0
kavanaugh,1.0,0.016,0.0,0.0
gender,1.0,0.016,1.0,0.004
scandal,1.0,0.015,0.0,0.0
china,1.0,0.015,0.0,0.0
celebrities,1.0,0.015,0.0,0.0
backlash,1.0,0.015,1.0,0.035
year's,1.0,0.013999999999999999,1.0,0.003
twitter,1.0,0.013999999999999999,1.0,0.009000000000000001
producer,1.0,0.013999999999999999,0.0,0.0
founder,1.0,0.013999999999999999,1.0,0.004
cbs,1.0,0.013999999999999999,1.0,0.01
asia,1.0,0.013999999999999999,1.0,0.002
washington,1.0,0.013000000000000001,1.0,0.006
rape,1.0,0.013000000000000001,1.0,0.021
global,1.0,0.013000000000000001,0.0,0.0
alyssa,1.0,0.013000000000000001,1.0,0.002
united,1.0,0.012,1.0,0.001
republican,1.0,0.012,1.0,0.005
oscars,1.0,0.012,0.0,0.0
highlights,1.0,0.012,1.0,0.005
feminist,1.0,0.012,1.0,0.039
elections,1.0,0.012,0.0,0.0
carpet,1.0,0.012,1.0,0.002
apologized,1.0,0.012,1.0,0.006
accountable,1.0,0.012,1.0,0.003
momentum,1.0,0.011000000000000001,1.0,0.003
education,1.0,0.011000000000000001,0.0,0.0
cosby,1.0,0.011000000000000001,0.0,0.0
american,1.0,0.011000000000000001,1.0,0.006999999999999999
university,1.0,0.01,0.0,0.0
sparked,1.0,0.01,1.0,0.009000000000000001
revelations,1.0,0.01,0.0,0.0
reporting,1.0,0.01,0.0,0.0
online,1.0,0.01,1.0,0.013000000000000001
moonves,1.0,0.01,0.0,0.0
mogul,1.0,0.01,0.0,0.0
globes,1.0,0.01,1.0,0.023
facebook,1.0,0.01,0.0,0.0
conversations,1.0,0.01,1.0,0.012
congress,1.0,0.01,0.0,0.0
bennett,1.0,0.01,0.0,0.0
advocate,1.0,0.01,0.0,0.0
midst,1.0,0.009000000000000001,1.0,0.002
headlines,1.0,0.009000000000000001,0.0,0.0
dating,1.0,0.009000000000000001,1.0,0.023
california,1.0,0.009000000000000001,1.0,0.002
tony,1.0,0.008,0.0,0.0
senate,1.0,0.008,1.0,0.001
resignations,1.0,0.008,0.0,0.0
prompted,1.0,0.008,1.0,0.003
lawmakers,1.0,0.008,0.0,0.0
journalists,1.0,0.008,1.0,0.008
garcia,1.0,0.008,0.0,0.0
empowerment,1.0,0.008,0.0,0.0
awards,1.0,0.008,1.0,0.01
viral,1.0,0.006999999999999999,1.0,0.006999999999999999
targeted,1.0,0.006999999999999999,0.0,0.0
supreme,1.0,0.006999999999999999,0.0,0.0
rally,1.0,0.006999999999999999,1.0,0.002
predators,1.0,0.006999999999999999,1.0,0.005
post's,1.0,0.006999999999999999,1.0,0.002
porter,1.0,0.006999999999999999,0.0,0.0
photo,1.0,0.006999999999999999,1.0,0.004
nomination,1.0,0.006999999999999999,0.0,0.0
moments,1.0,0.006999999999999999,0.0,0.0
michael,1.0,0.006999999999999999,0.0,0.0
galvanized,1.0,0.006999999999999999,0.0,0.0
equality,1.0,0.006999999999999999,1.0,0.002
endorsement,1.0,0.006999999999999999,0.0,0.0
echoed,1.0,0.006999999999999999,0.0,0.0
dozens,1.0,0.006999999999999999,1.0,0.004
deserve,1.0,0.006999999999999999,0.0,0.0
clinton,1.0,0.006999999999999999,0.0,0.0
ceo,1.0,0.006999999999999999,0.0,0.0
campus,1.0,0.006999999999999999,0.0,0.0
bourdain,1.0,0.006999999999999999,0.0,0.0
yorker,1.0,0.006,1.0,0.005
vox,1.0,0.006,1.0,0.009000000000000001
solidarity,1.0,0.006,1.0,0.003
protests,1.0,0.006,0.0,0.0
presidency,1.0,0.006,0.0,0.0
nominee,1.0,0.006,0.0,0.0
mcgowan,1.0,0.006,0.0,0.0
marches,1.0,0.006,0.0,0.0
lewinsky,1.0,0.006,0.0,0.0
lessons,1.0,0.006,0.0,0.0
investigative,1.0,0.006,0.0,0.0
grappled,1.0,0.006,0.0,0.0
getty,1.0,0.006,1.0,0.006
fueled,1.0,0.006,0.0,0.0
franken,1.0,0.006,1.0,0.002
franco,1.0,0.006,1.0,0.01
ford,1.0,0.006,0.0,0.0
farrow,1.0,0.006,1.0,0.002
empathy,1.0,0.006,0.0,0.0
donald,1.0,0.006,1.0,0.002
disgraced,1.0,0.006,0.0,0.0
criticized,1.0,0.006,1.0,0.012
crisis,1.0,0.006,0.0,0.0
criminal,1.0,0.006,1.0,0.011000000000000001
corporate,1.0,0.006,0.0,0.0
consent,1.0,0.006,1.0,0.022000000000000002
ceremony,1.0,0.006,1.0,0.005
capitol,1.0,0.006,0.0,0.0
button,1.0,0.006,0.0,0.0
angeles,1.0,0.006,1.0,0.003
winner,1.0,0.005,1.0,0.006
weighed,1.0,0.005,1.0,0.003
warren,1.0,0.005,0.0,0.0
vocal,1.0,0.005,1.0,0.001
violating,1.0,0.005,0.0,0.0
vegas,1.0,0.005,0.0,0.0
tv,1.0,0.005,1.0,0.016
spotlight,1.0,0.005,1.0,0.003
slams,1.0,0.005,1.0,0.006
schneiderman,1.0,0.005,0.0,0.0
reuters,1.0,0.005,0.0,0.0
reacted,1.0,0.005,1.0,0.002
prominence,1.0,0.005,1.0,0.003
professor,1.0,0.005,1.0,0.004
politically,1.0,0.005,0.0,0.0
nassar,1.0,0.005,0.0,0.0
monica,1.0,0.005,0.0,0.0
men's,1.0,0.005,1.0,0.003
male-dominated,1.0,0.005,0.0,0.0
los,1.0,0.005,1.0,0.003
liberated,1.0,0.005,0.0,0.0
leader,1.0,0.005,0.0,0.0
launch,1.0,0.005,0.0,0.0
las,1.0,0.005,0.0,0.0
judge,1.0,0.005,0.0,0.0
james,1.0,0.005,1.0,0.008
investors,1.0,0.005,0.0,0.0
inspire,1.0,0.005,0.0,0.0
inappropriate,1.0,0.005,1.0,0.004
impunity,1.0,0.005,0.0,0.0
hiring,1.0,0.005,0.0,0.0
grammys,1.0,0.005,0.0,0.0
french,1.0,0.005,1.0,0.003
filmmaker,1.0,0.005,0.0,0.0
false,1.0,0.005,0.0,0.0
empowered,1.0,0.005,1.0,0.004
emotional,1.0,0.005,0.0,0.0
duke,1.0,0.005,0.0,0.0
diversity,1.0,0.005,1.0,0.002
denounce,1.0,0.005,0.0,0.0
daniels,1.0,0.005,0.0,0.0
cristina,1.0,0.005,0.0,0.0
creator,1.0,0.005,0.0,0.0
complaints,1.0,0.005,0.0,0.0
chinese,1.0,0.005,0.0,0.0
calling,1.0,0.005,1.0,0.004
bryant's,1.0,0.005,0.0,0.0
broader,1.0,0.005,1.0,0.003
allen,1.0,0.005,1.0,0.002
acknowledged,1.0,0.005,0.0,0.0
york's,1.0,0.004,0.0,0.0
witch,1.0,0.004,1.0,0.004
victory,1.0,0.004,1.0,0.002
threatens,1.0,0.004,0.0,0.0
supermodel,1.0,0.004,0.0,0.0
suicide,1.0,0.004,0.0,0.0
students,1.0,0.004,0.0,0.0
spurs,1.0,0.004,0.0,0.0
sport,1.0,0.004,0.0,0.0
speaks,1.0,0.004,1.0,0.002
seminar,1.0,0.004,0.0,0.0
scrutiny,1.0,0.004,0.0,0.0
sarah,1.0,0.004,1.0,0.004
ruth,1.0,0.004,1.0,0.001
rocked,1.0,0.004,0.0,0.0
reminder,1.0,0.004,0.0,0.0
racism,1.0,0.004,0.0,0.0
pushing,1.0,0.004,1.0,0.003
privilege,1.0,0.004,0.0,0.0
prioritize,1.0,0.004,0.0,0.0
premiere,1.0,0.004,0.0,0.0
praised,1.0,0.004,1.0,0.002
poster,1.0,0.004,0.0,0.0
penn,1.0,0.004,0.0,0.0
parkland,1.0,0.004,0.0,0.0
owed,1.0,0.004,0.0,0.0
oprah,1.0,0.004,1.0,0.004
opinion,1.0,0.004,1.0,0.015
ongoing,1.0,0.004,1.0,0.004
molested,1.0,0.004,0.0,0.0
minnesota,1.0,0.004,0.0,0.0
michelle,1.0,0.004,1.0,0.003
memories,1.0,0.004,0.0,0.0
mckayla,1.0,0.004,0.0,0.0
mcdonald's,1.0,0.004,1.0,0.002
mccool,1.0,0.004,0.0,0.0
maroney,1.0,0.004,0.0,0.0
lohan,1.0,0.004,0.0,0.0
lauer,1.0,0.004,1.0,0.003
labor,1.0,0.004,0.0,0.0
kobe,1.0,0.004,1.0,0.002
kicked,1.0,0.004,1.0,0.005
jury,1.0,0.004,0.0,0.0
john,1.0,0.004,0.0,0.0
joe,1.0,0.004,0.0,0.0
jimmy,1.0,0.004,0.0,0.0
ivanka,1.0,0.004,0.0,0.0
inequality,1.0,0.004,0.0,0.0
india,1.0,0.004,0.0,0.0
incredibly,1.0,0.004,0.0,0.0
inclusion,1.0,0.004,0.0,0.0
immigrants,1.0,0.004,0.0,0.0
hotlines,1.0,0.004,0.0,0.0
high-profile,1.0,0.004,1.0,0.004
guru,1.0,0.004,1.0,0.003
generational,1.0,0.004,1.0,0.008
gaining,1.0,0.004,0.0,0.0
france,1.0,0.004,1.0,0.002
focused,1.0,0.004,0.0,0.0
flood,1.0,0.004,0.0,0.0
fearless,1.0,0.004,0.0,0.0
evolve,1.0,0.004,0.0,0.0
evangelical,1.0,0.004,0.0,0.0
endured,1.0,0.004,0.0,0.0
encourages,1.0,0.004,0.0,0.0
embrace,1.0,0.004,0.0,0.0
dynamics,1.0,0.004,1.0,0.003
demonstrates,1.0,0.004,0.0,0.0
crime,1.0,0.004,1.0,0.006
convention,1.0,0.004,0.0,0.0
conservatives,1.0,0.004,0.0,0.0
condemnation,1.0,0.004,0.0,0.0
college,1.0,0.004,1.0,0.008
co-founder,1.0,0.004,1.0,0.002
climate,1.0,0.004,1.0,0.002
client,1.0,0.004,0.0,0.0
claussen,1.0,0.004,0.0,0.0
christian,1.0,0.004,0.0,0.0
catherine,1.0,0.004,1.0,0.003
casey,1.0,0.004,0.0,0.0
careers,1.0,0.004,0.0,0.0
capture,1.0,0.004,0.0,0.0
cannes,1.0,0.004,0.0,0.0
broadcaster,1.0,0.004,0.0,0.0
british,1.0,0.004,0.0,0.0
brett,1.0,0.004,0.0,0.0
behaviour,1.0,0.004,1.0,0.004
banner,1.0,0.004,0.0,0.0
arbitration,1.0,0.004,0.0,0.0
anthony,1.0,0.004,0.0,0.0
anita,1.0,0.004,0.0,0.0
ads,1.0,0.004,0.0,0.0
academy,1.0,0.004,0.0,0.0
woody,1.0,0.003,1.0,0.002
winfrey,1.0,0.003,1.0,0.001
wins,1.0,0.003,1.0,0.002
vulnerable,1.0,0.003,1.0,0.001
victoria's,1.0,0.003,0.0,0.0
verdict,1.0,0.003,1.0,0.001
vanity,1.0,0.003,0.0,0.0
vaginas,1.0,0.003,1.0,0.001
updating,1.0,0.003,0.0,0.0
unleash,1.0,0.003,0.0,0.0
triggered,1.0,0.003,0.0,0.0
trending,1.0,0.003,0.0,0.0
touts,1.0,0.003,0.0,0.0
topics,1.0,0.003,1.0,0.005
tim,1.0,0.003,0.0,0.0
ties,1.0,0.003,0.0,0.0
thurman,1.0,0.003,1.0,0.003
thread,1.0,0.003,1.0,0.001
tens,1.0,0.003,0.0,0.0
teenager,1.0,0.003,0.0,0.0
talks,1.0,0.003,1.0,0.001
tales,1.0,0.003,1.0,0.005
sweeping,1.0,0.003,1.0,0.001
surrounding,1.0,0.003,1.0,0.003
suggesting,1.0,0.003,1.0,0.001
studies,1.0,0.003,1.0,0.002
streep,1.0,0.003,1.0,0.002
starred,1.0,0.003,0.0,0.0
spacey,1.0,0.003,1.0,0.006
sorvino,1.0,0.003,0.0,0.0
skeptics,1.0,0.003,1.0,0.003
singer,1.0,0.003,0.0,0.0
simmons,1.0,0.003,0.0,0.0
shifts,1.0,0.003,0.0,0.0
shed,1.0,0.003,0.0,0.0
self-help,1.0,0.003,0.0,0.0
sean,1.0,0.003,0.0,0.0
scores,1.0,0.003,0.0,0.0
russian,1.0,0.003,0.0,0.0
russia's,1.0,0.003,0.0,0.0
royal,1.0,0.003,0.0,0.0
rolling,1.0,0.003,0.0,0.0
ringwald,1.0,0.003,0.0,0.0
reverberations,1.0,0.003,0.0,0.0
repeatedly,1.0,0.003,1.0,0.005
reluctance,1.0,0.003,0.0,0.0
rejects,1.0,0.003,0.0,0.0
recognition,1.0,0.003,0.0,0.0
pulitzer,1.0,0.003,0.0,0.0
pulaski,1.0,0.003,0.0,0.0
provoke,1.0,0.003,0.0,0.0
progressive,1.0,0.003,1.0,0.002
priests,1.0,0.003,0.0,0.0
prevalence,1.0,0.003,0.0,0.0
predicted,1.0,0.003,0.0,0.0
politico,1.0,0.003,0.0,0.0
pervasive,1.0,0.003,0.0,0.0
participants,1.0,0.003,0.0,0.0
park,1.0,0.003,0.0,0.0
overdue,1.0,0.003,0.0,0.0
outcry,1.0,0.003,0.0,0.0
operators,1.0,0.003,0.0,0.0
olympic,1.0,0.003,1.0,0.002
obama,1.0,0.003,0.0,0.0
o'donnell,1.0,0.003,0.0,0.0
nation's,1.0,0.003,0.0,0.0
nanine,1.0,0.003,0.0,0.0
murphy,1.0,0.003,0.0,0.0
munn,1.0,0.003,0.0,0.0
movimiento,1.0,0.003,0.0,0.0
movement's,1.0,0.003,1.0,0.004
mormon,1.0,0.003,0.0,0.0
monologue,1.0,0.003,1.0,0.003
molly,1.0,0.003,0.0,0.0
mocked,1.0,0.003,0.0,0.0
misunderstand,1.0,0.003,0.0,0.0
midterm,1.0,0.003,0.0,0.0
meryl,1.0,0.003,1.0,0.002
mentioning,1.0,0.003,0.0,0.0
melania,1.0,0.003,0.0,0.0
matt,1.0,0.003,1.0,0.002
maisel,1.0,0.003,1.0,0.004
magazine's,1.0,0.003,1.0,0.003
louis,1.0,0.003,1.0,0.01
lindsay,1.0,0.003,0.0,0.0
les,1.0,0.003,0.0,0.0
lawsuit,1.0,0.003,0.0,0.0
kloss,1.0,0.003,0.0,0.0
kimmel,1.0,0.003,0.0,0.0
kelly,1.0,0.003,0.0,0.0
kate,1.0,0.003,0.0,0.0
karlie,1.0,0.003,0.0,0.0
kantor,1.0,0.003,0.0,0.0
jones,1.0,0.003,0.0,0.0
jokes,1.0,0.003,0.0,0.0
jodi,1.0,0.003,0.0,0.0
italian,1.0,0.003,0.0,0.0
internalized,1.0,0.003,0.0,0.0
instagram,1.0,0.003,0.0,0.0
injustice,1.0,0.003,0.0,0.0
initiatives,1.0,0.003,0.0,0.0
imbalance,1.0,0.003,0.0,0.0
ignore,1.0,0.003,0.0,0.0
iconic,1.0,0.003,0.0,0.0
hypocrisy,1.0,0.003,1.0,0.002
hurt,1.0,0.003,1.0,0.002
housekeeper,1.0,0.003,0.0,0.0
hotel,1.0,0.003,1.0,0.002
hill's,1.0,0.003,0.0,0.0
heated,1.0,0.003,1.0,0.004
groping,1.0,0.003,0.0,0.0
grace,1.0,0.003,2.0,0.1
glaring,1.0,0.003,0.0,0.0
ginsburg,1.0,0.003,0.0,0.0
gaming,1.0,0.003,0.0,0.0
fundamental,1.0,0.003,1.0,0.003
fox,1.0,0.003,1.0,0.002
fore,1.0,0.003,0.0,0.0
feminism,1.0,0.003,1.0,0.021
federation,1.0,0.003,0.0,0.0
featuring,1.0,0.003,1.0,0.003
exploitative,1.0,0.003,0.0,0.0
exploded,1.0,0.003,0.0,0.0
expand,1.0,0.003,0.0,0.0
essay,1.0,0.003,1.0,0.012
emoji,1.0,0.003,0.0,0.0
embarrassment,1.0,0.003,0.0,0.0
emails,1.0,0.003,0.0,0.0
elite,1.0,0.003,0.0,0.0
economic,1.0,0.003,0.0,0.0
donate,1.0,0.003,0.0,0.0
dominating,1.0,0.003,0.0,0.0
divisive,1.0,0.003,0.0,0.0
distress,1.0,0.003,0.0,0.0
dismiss,1.0,0.003,0.0,0.0
discussing,1.0,0.003,0.0,0.0
discrimination,1.0,0.003,0.0,0.0
diminish,1.0,0.003,0.0,0.0
describing,1.0,0.003,0.0,0.0
deneuve,1.0,0.003,1.0,0.003
defended,1.0,0.003,1.0,0.008
declined,1.0,0.003,0.0,0.0
coupled,1.0,0.003,0.0,0.0
convicted,1.0,0.003,0.0,0.0
conjunction,1.0,0.003,0.0,0.0
confronting,1.0,0.003,1.0,0.002
confirmation,1.0,0.003,0.0,0.0
confession,1.0,0.003,0.0,0.0
commentary,1.0,0.003,0.0,0.0
challenges,1.0,0.003,0.0,0.0
censored,1.0,0.003,0.0,0.0
candles,1.0,0.003,0.0,0.0
bullying,1.0,0.003,0.0,0.0
brzezinski,1.0,0.003,0.0,0.0
brands,1.0,0.003,0.0,0.0
blames,1.0,0.003,0.0,0.0
berlin,1.0,0.003,0.0,0.0
ballot,1.0,0.003,0.0,0.0
bader,1.0,0.003,0.0,0.0
assemblywoman,1.0,0.003,0.0,0.0
arrives,1.0,0.003,1.0,0.002
arguing,1.0,0.003,0.0,0.0
appearing,1.0,0.003,1.0,0.003
allred,1.0,0.003,0.0,0.0
aims,1.0,0.003,0.0,0.0
agreement,1.0,0.003,0.0,0.0
afp,1.0,0.003,0.0,0.0
admits,1.0,0.003,0.0,0.0
activism,1.0,0.003,1.0,0.002
zeta-jones,1.0,0.002,0.0,0.0
wronged,1.0,0.002,0.0,0.0
worldwide,1.0,0.002,0.0,0.0
workforce,1.0,0.002,0.0,0.0
witnessed,1.0,0.002,0.0,0.0
williams,1.0,0.002,1.0,0.008
wider,1.0,0.002,0.0,0.0
who've,1.0,0.002,1.0,0.003
wary,1.0,0.002,1.0,0.001
wanjuki,1.0,0.002,0.0,0.0
walmart,1.0,0.002,0.0,0.0
violently,1.0,0.002,0.0,0.0
villain,1.0,0.002,0.0,0.0
victorian,1.0,0.002,0.0,0.0
victimhood,1.0,0.002,1.0,0.002
vic,1.0,0.002,0.0,0.0
veterans,1.0,0.002,0.0,0.0
vatican,1.0,0.002,0.0,0.0
values,1.0,0.002,0.0,0.0
utah,1.0,0.002,0.0,0.0
upcoming,1.0,0.002,0.0,0.0
unwavering,1.0,0.002,0.0,0.0
unseated,1.0,0.002,0.0,0.0
unpopularity,1.0,0.002,0.0,0.0
unfairly,1.0,0.002,1.0,0.002
understandably,1.0,0.002,0.0,0.0
underscoring,1.0,0.002,0.0,0.0
uma,1.0,0.002,1.0,0.001
tweeden,1.0,0.002,0.0,0.0
trusted,1.0,0.002,0.0,0.0
trudeau,1.0,0.002,0.0,0.0
trail,1.0,0.002,0.0,0.0
touching,1.0,0.002,1.0,0.001
torrent,1.0,0.002,1.0,0.001
toppled,1.0,0.002,1.0,0.002
tolerance,1.0,0.002,0.0,0.0
today's,1.0,0.002,1.0,0.004
thomas,1.0,0.002,1.0,0.002
theresa,1.0,0.002,0.0,0.0
therapists,1.0,0.002,1.0,0.004
theaters,1.0,0.002,0.0,0.0
territory,1.0,0.002,0.0,0.0
terminator,1.0,0.002,0.0,0.0
tech,1.0,0.002,0.0,0.0
taylor,1.0,0.002,0.0,0.0
takedown,1.0,0.002,1.0,0.001
tackle,1.0,0.002,0.0,0.0
taboo,1.0,0.002,0.0,0.0
sxsw,1.0,0.002,0.0,0.0
surfaced,1.0,0.002,1.0,0.002
super,1.0,0.002,0.0,0.0
sundance,1.0,0.002,0.0,0.0
summit,1.0,0.002,0.0,0.0
struggles,1.0,0.002,0.0,0.0
striving,1.0,0.002,0.0,0.0
strengthen,1.0,0.002,0.0,0.0
strength,1.0,0.002,0.0,0.0
stormy,1.0,0.002,1.0,0.001
stops,1.0,0.002,0.0,0.0
stephen,1.0,0.002,0.0,0.0
stepping,1.0,0.002,0.0,0.0
stasi,1.0,0.002,0.0,0.0
stalls,1.0,0.002,0.0,0.0
staging,1.0,0.002,0.0,0.0
spokeswoman,1.0,0.002,0.0,0.0
speculation,1.0,0.002,0.0,0.0
spearheaded,1.0,0.002,0.0,0.0
spared,1.0,0.002,0.0,0.0
spain,1.0,0.002,0.0,0.0
southern,1.0,0.002,0.0,0.0
society's,1.0,0.002,0.0,0.0
silicon,1.0,0.002,1.0,0.001
silences,1.0,0.002,0.0,0.0
show's,1.0,0.002,0.0,0.0
shaming,1.0,0.002,0.0,0.0
sexist,1.0,0.002,1.0,0.001
sexism,1.0,0.002,1.0,0.005
selfies,1.0,0.002,0.0,0.0
scrambling,1.0,0.002,0.0,0.0
satire,1.0,0.002,0.0,0.0
sanders,1.0,0.002,0.0,0.0
safer,1.0,0.002,0.0,0.0
ryan,1.0,0.002,1.0,0.001
rug,1.0,0.002,0.0,0.0
rubio's,1.0,0.002,0.0,0.0
roy,1.0,0.002,0.0,0.0
rounded,1.0,0.002,0.0,0.0
roses,1.0,0.002,0.0,0.0
ronan,1.0,0.002,0.0,0.0
robert,1.0,0.002,0.0,0.0
rob,1.0,0.002,0.0,0.0
rivera,1.0,0.002,0.0,0.0
risks,1.0,0.002,0.0,0.0
risen,1.0,0.002,0.0,0.0
ripples,1.0,0.002,0.0,0.0
ringing,1.0,0.002,0.0,0.0
righted,1.0,0.002,1.0,0.002
ridiculous,1.0,0.002,0.0,0.0
riders,1.0,0.002,0.0,0.0
revival,1.0,0.002,0.0,0.0
revisits,1.0,0.002,0.0,0.0
reviews,1.0,0.002,0.0,0.0
retrial,1.0,0.002,0.0,0.0
retirements,1.0,0.002,0.0,0.0
rethink,1.0,0.002,1.0,0.003
retain,1.0,0.002,0.0,0.0
resurface,1.0,0.002,0.0,0.0
resonates,1.0,0.002,0.0,0.0
representada,1.0,0.002,0.0,0.0
repercussions,1.0,0.002,1.0,0.003
relies,1.0,0.002,0.0,0.0
relevance,1.0,0.002,0.0,0.0
releasing,1.0,0.002,0.0,0.0
reflections,1.0,0.002,0.0,0.0
references,1.0,0.002,0.0,0.0
rebuke,1.0,0.002,0.0,0.0
reads,1.0,0.002,0.0,0.0
rapists,1.0,0.002,0.0,0.0
ramifications,1.0,0.002,1.0,0.002
rage,1.0,0.002,1.0,0.006999999999999999
quote,1.0,0.002,0.0,0.0
pushback,1.0,0.002,0.0,0.0
puritanism,1.0,0.002,0.0,0.0
punto,1.0,0.002,0.0,0.0
prosecutor,1.0,0.002,0.0,0.0
professionalism,1.0,0.002,0.0,0.0
proceedings,1.0,0.002,1.0,0.002
probe,1.0,0.002,0.0,0.0
pro-life,1.0,0.002,0.0,0.0
privately,1.0,0.002,0.0,0.0
prestigious,1.0,0.002,0.0,0.0
predatory,1.0,0.002,1.0,0.002
portraits,1.0,0.002,0.0,0.0
populism,1.0,0.002,0.0,0.0
popped,1.0,0.002,0.0,0.0
poo,1.0,0.002,1.0,0.002
poll,1.0,0.002,1.0,0.003
poignant,1.0,0.002,0.0,0.0
plight,1.0,0.002,0.0,0.0
pivotal,1.0,0.002,0.0,0.0
phones,1.0,0.002,1.0,0.003
philadelphia,1.0,0.002,0.0,0.0
peter,1.0,0.002,0.0,0.0
pervades,1.0,0.002,0.0,0.0
persistent,1.0,0.002,0.0,0.0
pernicious,1.0,0.002,0.0,0.0
perceptions,1.0,0.002,0.0,0.0
people's,1.0,0.002,0.0,0.0
patriarchy,1.0,0.002,1.0,0.004
partners,1.0,0.002,1.0,0.004
parliament,1.0,0.002,0.0,0.0
palme,1.0,0.002,0.0,0.0
ovitz,1.0,0.002,0.0,0.0
overhaul,1.0,0.002,0.0,0.0
outspoken,1.0,0.002,0.0,0.0
outrage,1.0,0.002,1.0,0.009000000000000001
outing,1.0,0.002,0.0,0.0
ostensibly,1.0,0.002,0.0,0.0
originator,1.0,0.002,0.0,0.0
organizadores,1.0,0.002,0.0,0.0
optimistic,1.0,0.002,1.0,0.004
o'reilly,1.0,0.002,0.0,0.0
nuns,1.0,0.002,0.0,0.0
nuanced,1.0,0.002,1.0,0.006999999999999999
now-deleted,1.0,0.002,0.0,0.0
novel's,1.0,0.002,0.0,0.0
noting,1.0,0.002,0.0,0.0
nod,1.0,0.002,0.0,0.0
nina,1.0,0.002,0.0,0.0
nightmares,1.0,0.002,0.0,0.0
newsletter,1.0,0.002,0.0,0.0
networking,1.0,0.002,0.0,0.0
negotiating,1.0,0.002,0.0,0.0
neeson,1.0,0.002,0.0,0.0
ncose,1.0,0.002,0.0,0.0
nbc's,1.0,0.002,0.0,0.0
native,1.0,0.002,0.0,0.0
nationwide,1.0,0.002,0.0,0.0
nasty,1.0,0.002,0.0,0.0
narratives,1.0,0.002,1.0,0.008
myers,1.0,0.002,0.0,0.0
mounting,1.0,0.002,0.0,0.0
motivators,1.0,0.002,0.0,0.0
moore,1.0,0.002,0.0,0.0
montana,1.0,0.002,0.0,0.0
monk,1.0,0.002,0.0,0.0
monday's,1.0,0.002,0.0,0.0
modeling,1.0,0.002,0.0,0.0
mockery,1.0,0.002,0.0,0.0
mobilized,1.0,0.002,0.0,0.0
mistreatment,1.0,0.002,0.0,0.0
misogyny,1.0,0.002,1.0,0.006
mira,1.0,0.002,0.0,0.0
minister,1.0,0.002,0.0,0.0
mika,1.0,0.002,0.0,0.0
massachusetts,1.0,0.002,0.0,0.0
marvelous,1.0,0.002,1.0,0.004
martin,1.0,0.002,0.0,0.0
mario,1.0,0.002,0.0,0.0
margins,1.0,0.002,0.0,0.0
margaret,1.0,0.002,0.0,0.0
marciano,1.0,0.002,0.0,0.0
mansplain,1.0,0.002,0.0,0.0
man's,1.0,0.002,1.0,0.006
maher,1.0,0.002,0.0,0.0
lumet,1.0,0.002,0.0,0.0
lorenzi,1.0,0.002,0.0,0.0
longtime,1.0,0.002,0.0,0.0
london,1.0,0.002,0.0,0.0
lip,1.0,0.002,0.0,0.0
lifetime,1.0,0.002,0.0,0.0
lifestyle,1.0,0.002,0.0,0.0
liam,1.0,0.002,0.0,0.0
leslie,1.0,0.002,0.0,0.0
lens,1.0,0.002,0.0,0.0
legislatures,1.0,0.002,0.0,0.0
legacy,1.0,0.002,0.0,0.0
leeann,1.0,0.002,0.0,0.0
lawrence,1.0,0.002,0.0,0.0
lasting,1.0,0.002,0.0,0.0
larry,1.0,0.002,0.0,0.0
kindness,1.0,0.002,0.0,0.0
kevin,1.0,0.002,1.0,0.005
keri,1.0,0.002,0.0,0.0
jurors,1.0,0.002,0.0,0.0
judd,1.0,0.002,0.0,0.0
jordan,1.0,0.002,1.0,0.002
jim,1.0,0.002,0.0,0.0
jessica,1.0,0.002,0.0,0.0
jeopardy,1.0,0.002,0.0,0.0
jennifer,1.0,0.002,0.0,0.0
italy,1.0,0.002,0.0,0.0
invisibility,1.0,0.002,0.0,0.0
investing,1.0,0.002,0.0,0.0
internet,1.0,0.002,1.0,0.003
interactive,1.0,0.002,0.0,0.0
insane,1.0,0.002,0.0,0.0
independents,1.0,0.002,0.0,0.0
inconsistent,1.0,0.002,0.0,0.0
implied,1.0,0.002,0.0,0.0
impacted,1.0,0.002,0.0,0.0
illustrated,1.0,0.002,1.0,0.003
ignite,1.0,0.002,0.0,0.0
idolizing,1.0,0.002,0.0,0.0
identifies,1.0,0.002,0.0,0.0
husband's,1.0,0.002,0.0,0.0
humiliation,1.0,0.002,1.0,0.006
huckabee,1.0,0.002,0.0,0.0
hostile,1.0,0.002,0.0,0.0
horrified,1.0,0.002,0.0,0.0
horrific,1.0,0.002,0.0,0.0
hollywood's,1.0,0.002,1.0,0.003
hirono,1.0,0.002,0.0,0.0
hillary,1.0,0.002,0.0,0.0
hearings,1.0,0.002,0.0,0.0
harmed,1.0,0.002,0.0,0.0
haneke,1.0,0.002,0.0,0.0
handful,1.0,0.002,0.0,0.0
hamilton,1.0,0.002,0.0,0.0
gymnast,1.0,0.002,0.0,0.0
gutierrez,1.0,0.002,0.0,0.0
guise,1.0,0.002,0.0,0.0
groundbreaking,1.0,0.002,0.0,0.0
gravity,1.0,0.002,0.0,0.0
grassroots,1.0,0.002,0.0,0.0
graduates,1.0,0.002,0.0,0.0
grab,1.0,0.002,0.0,0.0
gop's,1.0,0.002,0.0,0.0
gina,1.0,0.002,0.0,0.0
geraldo,1.0,0.002,0.0,0.0
geoffrey,1.0,0.002,0.0,0.0
genuinely,1.0,0.002,0.0,0.0
garbage,1.0,0.002,0.0,0.0
framed,1.0,0.002,0.0,0.0
fractured,1.0,0.002,0.0,0.0
foundation,1.0,0.002,0.0,0.0
forefront,1.0,0.002,0.0,0.0
followers,1.0,0.002,0.0,0.0
flourish,1.0,0.002,0.0,0.0
flames,1.0,0.002,0.0,0.0
fittingly,1.0,0.002,0.0,0.0
female-fronted,1.0,0.002,0.0,0.0
feinstein's,1.0,0.002,0.0,0.0
families,1.0,0.002,0.0,0.0
exposes,1.0,0.002,0.0,0.0
experiencing,1.0,0.002,0.0,0.0
exit,1.0,0.002,0.0,0.0
executives,1.0,0.002,0.0,0.0
everyday,1.0,0.002,1.0,0.002
evaluate,1.0,0.002,0.0,0.0
eric,1.0,0.002,1.0,0.002
equitable,1.0,0.002,0.0,0.0
episode,1.0,0.002,1.0,0.006
entertainers,1.0,0.002,0.0,0.0
enabled,1.0,0.002,0.0,0.0
employers,1.0,0.002,0.0,0.0
emily,1.0,0.002,0.0,0.0
emergence,1.0,0.002,0.0,0.0
emboldened,1.0,0.002,0.0,0.0
elizabeth,1.0,0.002,1.0,0.003
díaz,1.0,0.002,0.0,0.0
draws,1.0,0.002,0.0,0.0
douglas,1.0,0.002,0.0,0.0
donned,1.0,0.002,0.0,0.0
disrupted,1.0,0.002,0.0,0.0
disclosures,1.0,0.002,0.0,0.0
disappointment,1.0,0.002,1.0,0.002
dialogue,1.0,0.002,1.0,0.002
devastation,1.0,0.002,0.0,0.0
detroit,1.0,0.002,0.0,0.0
destroying,1.0,0.002,0.0,0.0
destigmatizing,1.0,0.002,0.0,0.0
denying,1.0,0.002,0.0,0.0
deleted,1.0,0.002,0.0,0.0
delegates,1.0,0.002,0.0,0.0
defensiveness,1.0,0.002,0.0,0.0
declaring,1.0,0.002,0.0,0.0
decades-old,1.0,0.002,0.0,0.0
debut,1.0,0.002,0.0,0.0
de,1.0,0.002,0.0,0.0
dan,1.0,0.002,0.0,0.0
d'or,1.0,0.002,0.0,0.0
curtailed,1.0,0.002,0.0,0.0
cuomo,1.0,0.002,0.0,0.0
credited,1.0,0.002,0.0,0.0
country's,1.0,0.002,0.0,0.0
corrections,1.0,0.002,0.0,0.0
consultant,1.0,0.002,0.0,0.0
constand,1.0,0.002,0.0,0.0
confident,1.0,0.002,0.0,0.0
complicates,1.0,0.002,0.0,0.0
compassion,1.0,0.002,0.0,0.0
commitment,1.0,0.002,0.0,0.0
commercialized,1.0,0.002,0.0,0.0
commentator,1.0,0.002,0.0,0.0
commencement,1.0,0.002,0.0,0.0
comforted,1.0,0.002,0.0,0.0
comenzó,1.0,0.002,0.0,0.0
columnist,1.0,0.002,1.0,0.004
coercive,1.0,0.002,1.0,0.003
co-hosts,1.0,0.002,0.0,0.0
clinic,1.0,0.002,0.0,0.0
circulated,1.0,0.002,0.0,0.0
christine,1.0,0.002,0.0,0.0
chimed,1.0,0.002,0.0,0.0
chen,1.0,0.002,0.0,0.0
chef,1.0,0.002,0.0,0.0
cheers,1.0,0.002,0.0,0.0
centered,1.0,0.002,1.0,0.003
casino-resort,1.0,0.002,0.0,0.0
candid,1.0,0.002,0.0,0.0
canada,1.0,0.002,0.0,0.0
bump,1.0,0.002,0.0,0.0
brooklyn,1.0,0.002,1.0,0.002
broadway,1.0,0.002,0.0,0.0
briefing,1.0,0.002,0.0,0.0
brexit,1.0,0.002,0.0,0.0
breakers,1.0,0.002,0.0,0.0
brafman,1.0,0.002,0.0,0.0
bowl,1.0,0.002,0.0,0.0
boomeranged,1.0,0.002,0.0,0.0
boil,1.0,0.002,0.0,0.0
bob,1.0,0.002,0.0,0.0
blocking,1.0,0.002,0.0,0.0
blasey,1.0,0.002,0.0,0.0
blanchett,1.0,0.002,0.0,0.0
billed,1.0,0.002,0.0,0.0
bhandare,1.0,0.002,0.0,0.0
beijing,1.0,0.002,0.0,0.0
batali,1.0,0.002,0.0,0.0
barbara,1.0,0.002,0.0,0.0
banfield,1.0,0.002,1.0,0.024
ban,1.0,0.002,0.0,0.0
awakened,1.0,0.002,0.0,0.0
attendee,1.0,0.002,0.0,0.0
attendance,1.0,0.002,1.0,0.006
attacking,1.0,0.002,0.0,0.0
arnault,1.0,0.002,0.0,0.0
appointees,1.0,0.002,0.0,0.0
anymore,1.0,0.002,0.0,0.0
antithesis,1.0,0.002,0.0,0.0
ansari,1.0,0.002,10.0,0.584
ann,1.0,0.002,0.0,0.0
animated,1.0,0.002,0.0,0.0
andrea,1.0,0.002,0.0,0.0
amy,1.0,0.002,0.0,0.0
ally,1.0,0.002,1.0,0.002
all-female,1.0,0.002,0.0,0.0
alex,1.0,0.002,0.0,0.0
alarmed,1.0,0.002,0.0,0.0
alabama,1.0,0.002,0.0,0.0
aired,1.0,0.002,0.0,0.0
ai-jen,1.0,0.002,1.0,0.002
afghan,1.0,0.002,0.0,0.0
affleck,1.0,0.002,0.0,0.0
affirming,1.0,0.002,0.0,0.0
advertised,1.0,0.002,0.0,0.0
advent,1.0,0.002,0.0,0.0
advances,1.0,0.002,1.0,0.005
adult-film,1.0,0.002,0.0,0.0
actors,1.0,0.002,1.0,0.004
1980s,1.0,0.002,0.0,0.0
1970s,1.0,0.002,0.0,0.0
米兔,1.0,0.001,0.0,0.0
élections,1.0,0.001,0.0,0.0
zvyagintsev,1.0,0.001,0.0,0.0
zentropa,1.0,0.001,0.0,0.0
yummies,1.0,0.001,0.0,0.0
youtube,1.0,0.001,0.0,0.0
yiannopoulos,1.0,0.001,0.0,0.0
yeah,1.0,0.001,0.0,0.0
xueqin,1.0,0.001,0.0,0.0
wynn,1.0,0.001,0.0,0.0
wrongdoing,1.0,0.001,1.0,0.001
wrenching,1.0,0.001,0.0,0.0
worship,1.0,0.001,0.0,0.0
world-class,1.0,0.001,0.0,0.0
worlds,1.0,0.001,0.0,0.0
work-for-welfare,1.0,0.001,0.0,0.0
workings,1.0,0.001,0.0,0.0
woodson,1.0,0.001,0.0,0.0
woodard,1.0,0.001,0.0,0.0
wondrous,1.0,0.001,0.0,0.0
wnyc,1.0,0.001,0.0,0.0
witherspoon,1.0,0.001,0.0,0.0
withdrew,1.0,0.001,0.0,0.0
wisniewski,1.0,0.001,0.0,0.0
wireimage,1.0,0.001,1.0,0.001
willingness,1.0,0.001,0.0,0.0
willful,1.0,0.001,1.0,0.001
wilde,1.0,0.001,0.0,0.0
wielding,1.0,0.001,0.0,0.0
widows,1.0,0.001,0.0,0.0
widescreen,1.0,0.001,0.0,0.0
widens,1.0,0.001,1.0,0.001
widely-reported,1.0,0.001,0.0,0.0
wide-ranging,1.0,0.001,0.0,0.0
wick,1.0,0.001,0.0,0.0
wholeheartedly,1.0,0.001,0.0,0.0
whiteness,1.0,0.001,0.0,0.0
whisper,1.0,0.001,1.0,0.005
whining,1.0,0.001,0.0,0.0
westminster,1.0,0.001,1.0,0.001
well-reviewed,1.0,0.001,0.0,0.0
well-prepared,1.0,0.001,0.0,0.0
well-heeled,1.0,0.001,0.0,0.0
welcomed,1.0,0.001,1.0,0.001
welch,1.0,0.001,0.0,0.0
weird,1.0,0.001,1.0,0.002
weinstein--and,1.0,0.001,0.0,0.0
weida,1.0,0.001,0.0,0.0
weeks-old,1.0,0.001,0.0,0.0
weed,1.0,0.001,0.0,0.0
website,1.0,0.001,1.0,0.015
wears,1.0,0.001,0.0,0.0
weaponization,1.0,0.001,0.0,0.0
wealthy,1.0,0.001,1.0,0.003
weaken,1.0,0.001,0.0,0.0
watershed,1.0,0.001,0.0,0.0
watchdogs,1.0,0.001,0.0,0.0
warrior,1.0,0.001,0.0,0.0
warnings,1.0,0.001,1.0,0.001
wardrobe,1.0,0.001,0.0,0.0
wars,1.0,0.001,0.0,0.0
wao,1.0,0.001,0.0,0.0
walters,1.0,0.001,0.0,0.0
wallin,1.0,0.001,0.0,0.0
walcott,1.0,0.001,0.0,0.0
wakes,1.0,0.001,0.0,0.0
wade,1.0,0.001,0.0,0.0
vying,1.0,0.001,0.0,0.0
vulture,1.0,0.001,1.0,0.002
voter,1.0,0.001,0.0,0.0
votantes,1.0,0.001,0.0,0.0
von,1.0,0.001,1.0,0.001
volleys,1.0,0.001,0.0,0.0
voboril's,1.0,0.001,0.0,0.0
visually,1.0,0.001,0.0,0.0
virtel,1.0,0.001,0.0,0.0
virginia,1.0,0.001,0.0,0.0
virgin,1.0,0.001,0.0,0.0
viola,1.0,0.001,0.0,0.0
viola,1.0,0.001,0.0,0.0
villeneuv,1.0,0.001,0.0,0.0
ville,1.0,0.001,0.0,0.0
viewers,1.0,0.001,0.0,0.0
vietnam,1.0,0.001,0.0,0.0
vicious,1.0,0.001,0.0,0.0
viacom,1.0,0.001,0.0,0.0
viability,1.0,0.001,0.0,0.0
verified,1.0,0.001,1.0,0.001
venues,1.0,0.001,0.0,0.0
venit,1.0,0.001,0.0,0.0
ven,1.0,0.001,0.0,0.0
vegemite,1.0,0.001,0.0,0.0
veer,1.0,0.001,0.0,0.0
vandenberg,1.0,0.001,0.0,0.0
users,1.0,0.001,1.0,0.001
urgency,1.0,0.001,1.0,0.001
upton,1.0,0.001,0.0,0.0
uproar,1.0,0.001,0.0,0.0
upheavals,1.0,0.001,0.0,0.0
upended,1.0,0.001,0.0,0.0
unwilling,1.0,0.001,1.0,0.001
unwanted,1.0,0.001,1.0,0.001
unspecified,1.0,0.001,0.0,0.0
unsettled,1.0,0.001,0.0,0.0
unseemly,1.0,0.001,0.0,0.0
unrest,1.0,0.001,0.0,0.0
unreported,1.0,0.001,0.0,0.0
unprecedented,1.0,0.001,1.0,0.002
unpacks,1.0,0.001,0.0,0.0
unnoticed,1.0,0.001,0.0,0.0
unnamed,1.0,0.001,1.0,0.002
unintended,1.0,0.001,0.0,0.0
unified,1.0,0.001,0.0,0.0
unicef,1.0,0.001,0.0,0.0
unheard,1.0,0.001,0.0,0.0
unhearable,1.0,0.001,0.0,0.0
unequal,1.0,0.001,0.0,0.0
unease,1.0,0.001,0.0,0.0
undermines,1.0,0.001,1.0,0.001
undergone,1.0,0.001,0.0,0.0
undergoing,1.0,0.001,0.0,0.0
underestimates,1.0,0.001,0.0,0.0
uncovered,1.0,0.001,0.0,0.0
unclear,1.0,0.001,1.0,0.001
unchecked,1.0,0.001,1.0,0.001
unaware,1.0,0.001,0.0,0.0
unabated,1.0,0.001,0.0,0.0
ultimately,1.0,0.001,1.0,0.001
uh,1.0,0.001,0.0,0.0
ugliness,1.0,0.001,0.0,0.0
uc,1.0,0.001,0.0,0.0
ubiquitous,1.0,0.001,0.0,0.0
uber's,1.0,0.001,0.0,0.0
twist,1.0,0.001,0.0,0.0
twenty-five-year-old,1.0,0.001,0.0,0.0
tv.jimmy,1.0,0.001,0.0,0.0
tufts,1.0,0.001,0.0,0.0
tuesday's,1.0,0.001,0.0,0.0
tu,1.0,0.001,0.0,0.0
truthteller,1.0,0.001,0.0,0.0
trousers,1.0,0.001,0.0,0.0
troubling,1.0,0.001,1.0,0.001
trots,1.0,0.001,0.0,0.0
trolls,1.0,0.001,0.0,0.0
trier's,1.0,0.001,0.0,0.0
treasurer,1.0,0.001,0.0,0.0
aziz,0.0,0.0,5.0,0.267
comedian,0.0,0.0,1.0,0.051
babe,0.0,0.0,1.0,0.04
babe.net,0.0,0.0,1.0,0.034
consensual,0.0,0.0,1.0,0.032
uncomfortable,0.0,0.0,1.0,0.027000000000000003
netflix,0.0,0.0,1.0,0.025
anonymous,0.0,0.0,1.0,0.022000000000000002
woman's,0.0,0.0,1.0,0.021
flanagan,0.0,0.0,1.0,0.018000000000000002
bee,0.0,0.0,1.0,0.017
weiss,0.0,0.0,1.0,0.015
writer,0.0,0.0,1.0,0.013999999999999999
roiphe,0.0,0.0,1.0,0.012
pressured,0.0,0.0,1.0,0.012
caitlin,0.0,0.0,1.0,0.012
violated,0.0,0.0,1.0,0.011000000000000001
discomfort,0.0,0.0,1.0,0.011000000000000001
romance,0.0,0.0,1.0,0.01
photographer,0.0,0.0,1.0,0.01
cues,0.0,0.0,1.0,0.01
conservative,0.0,0.0,1.0,0.01
atlantic,0.0,0.0,1.0,0.01
woke,0.0,0.0,1.0,0.009000000000000001
samantha,0.0,0.0,1.0,0.009000000000000001
responds,0.0,0.0,1.0,0.009000000000000001
pin,0.0,0.0,1.0,0.009000000000000001
katie,0.0,0.0,1.0,0.009000000000000001
indications,0.0,0.0,1.0,0.009000000000000001
bari,0.0,0.0,1.0,0.009000000000000001
acknowledging,0.0,0.0,1.0,0.009000000000000001
2018-01-,0.0,0.0,1.0,0.009000000000000001
sullivan,0.0,0.0,1.0,0.008
second-wave,0.0,0.0,1.0,0.008
publishing,0.0,0.0,1.0,0.008
op-ed,0.0,0.0,1.0,0.008
ignoring,0.0,0.0,1.0,0.008
hln,0.0,0.0,1.0,0.008
falsely,0.0,0.0,1.0,0.008
debates,0.0,0.0,1.0,0.008
celebrity,0.0,0.0,1.0,0.008
ashleigh,0.0,0.0,1.0,0.008
andrew,0.0,0.0,1.0,0.008
aggressive,0.0,0.0,1.0,0.008
,0.0,0.0,1.0,0.006999999999999999
millennial,0.0,0.0,1.0,0.006999999999999999
id,0.0,0.0,1.0,0.006999999999999999
encounters,0.0,0.0,1.0,0.006999999999999999
controversial,0.0,0.0,1.0,0.006999999999999999
comeback,0.0,0.0,1.0,0.006999999999999999
coercion,0.0,0.0,1.0,0.006999999999999999
beverly,0.0,0.0,1.0,0.006999999999999999
tweets,0.0,0.0,1.0,0.006
timezone_type,0.0,0.0,1.0,0.006
timezone,0.0,0.0,1.0,0.006
texts,0.0,0.0,1.0,0.006
slug,0.0,0.0,1.0,0.006
sketch,0.0,0.0,1.0,0.006
scandals,0.0,0.0,1.0,0.006
ruin,0.0,0.0,1.0,0.006
reportedly,0.0,0.0,1.0,0.006
recounted,0.0,0.0,1.0,0.006
rapist,0.0,0.0,1.0,0.006
pseudonym,0.0,0.0,1.0,0.006
producers,0.0,0.0,1.0,0.006
porn,0.0,0.0,1.0,0.006
non-verbal,0.0,0.0,1.0,0.006
nominated,0.0,0.0,1.0,0.006
kiss,0.0,0.0,1.0,0.006
hypocritical,0.0,0.0,1.0,0.006
hills,0.0,0.0,1.0,0.006
headline,0.0,0.0,1.0,0.006
frontal,0.0,0.0,1.0,0.006
focusing,0.0,0.0,1.0,0.006
exposing,0.0,0.0,1.0,0.006
detailing,0.0,0.0,1.0,0.006
derail,0.0,0.0,1.0,0.006
ck,0.0,0.0,1.0,0.006
anchor,0.0,0.0,1.0,0.006
waithe,0.0,0.0,1.0,0.005
wafted,0.0,0.0,1.0,0.005
universality,0.0,0.0,1.0,0.005
tackled,0.0,0.0,1.0,0.005
snl,0.0,0.0,1.0,0.005
shitty,0.0,0.0,1.0,0.005
revelation,0.0,0.0,1.0,0.005
oscar,0.0,0.0,1.0,0.005
mchale,0.0,0.0,1.0,0.005
liberation,0.0,0.0,1.0,0.005
journalism,0.0,0.0,1.0,0.005
joel,0.0,0.0,1.0,0.005
jezebel,0.0,0.0,1.0,0.005
interaction,0.0,0.0,1.0,0.005
initially,0.0,0.0,1.0,0.005
handmaid's,0.0,0.0,1.0,0.005
excesses,0.0,0.0,1.0,0.005
dismissing,0.0,0.0,1.0,0.005
condemning,0.0,0.0,1.0,0.005
commenting,0.0,0.0,1.0,0.005
bryant,0.0,0.0,1.0,0.005
awkward,0.0,0.0,1.0,0.005
unfolding,0.0,0.0,1.0,0.004
titled,0.0,0.0,1.0,0.004
spectrum,0.0,0.0,1.0,0.004
skips,0.0,0.0,1.0,0.004
shifted,0.0,0.0,1.0,0.004
schumer,0.0,0.0,1.0,0.004
sag,0.0,0.0,1.0,0.004
revenge,0.0,0.0,1.0,0.004
recklessly,0.0,0.0,1.0,0.004
realizing,0.0,0.0,1.0,0.004
privileged,0.0,0.0,1.0,0.004
navigating,0.0,0.0,1.0,0.004
misread,0.0,0.0,1.0,0.004
lumped,0.0,0.0,1.0,0.004
labeling,0.0,0.0,1.0,0.004
imbalances,0.0,0.0,1.0,0.004
huffpost,0.0,0.0,1.0,0.004
hub,0.0,0.0,1.0,0.004
https,0.0,0.0,1.0,0.004
herrmann,0.0,0.0,1.0,0.004
fits,0.0,0.0,1.0,0.004
failing,0.0,0.0,1.0,0.004
exposé,0.0,0.0,1.0,0.004
emmy,0.0,0.0,1.0,0.004
earnest,0.0,0.0,1.0,0.004
declare,0.0,0.0,1.0,0.004
debacle,0.0,0.0,1.0,0.004
complaint,0.0,0.0,1.0,0.004
charlie,0.0,0.0,1.0,0.004
campuses,0.0,0.0,1.0,0.004
c98,0.0,0.0,1.0,0.004
brigitte,0.0,0.0,1.0,0.004
behaved,0.0,0.0,1.0,0.004
bardot,0.0,0.0,1.0,0.004
asian,0.0,0.0,1.0,0.004
argues,0.0,0.0,1.0,0.004
anti,0.0,0.0,1.0,0.004
addressing,0.0,0.0,1.0,0.004
abc,0.0,0.0,1.0,0.004
a8ee,0.0,0.0,1.0,0.004
3b8569a1,0.0,0.0,1.0,0.004
"3,000",0.0,0.0,1.0,0.004
wrongs,0.0,0.0,1.0,0.003
weeding,0.0,0.0,1.0,0.003
usa,0.0,0.0,1.0,0.003
upset,0.0,0.0,1.0,0.003
sustained,0.0,0.0,1.0,0.003
sterling,0.0,0.0,1.0,0.003
standup,0.0,0.0,1.0,0.003
stand-up,0.0,0.0,1.0,0.003
slate,0.0,0.0,1.0,0.003
scare,0.0,0.0,1.0,0.003
rift,0.0,0.0,1.0,0.003
retelling,0.0,0.0,1.0,0.003
renegotiate,0.0,0.0,1.0,0.003
rachel,0.0,0.0,1.0,0.003
punished,0.0,0.0,1.0,0.003
proves,0.0,0.0,1.0,0.003
promodek,0.0,0.0,1.0,0.003
prediction,0.0,0.0,1.0,0.003
portlandia,0.0,0.0,1.0,0.003
portland,0.0,0.0,1.0,0.003
poorly,0.0,0.0,1.0,0.003
performing,0.0,0.0,1.0,0.003
paradox,0.0,0.0,1.0,0.003
outlet,0.0,0.0,1.0,0.003
oregon,0.0,0.0,1.0,0.003
offense,0.0,0.0,1.0,0.003
nominees,0.0,0.0,1.0,0.003
nbc,0.0,0.0,1.0,0.003
miniseries,0.0,0.0,1.0,0.003
messy,0.0,0.0,1.0,0.003
macy,0.0,0.0,1.0,0.003
lena,0.0,0.0,1.0,0.003
klinenberg,0.0,0.0,1.0,0.003
keywords,0.0,0.0,1.0,0.003
jamil,0.0,0.0,1.0,0.003
ix,0.0,0.0,1.0,0.003
insensitive,0.0,0.0,1.0,0.003
imperfect,0.0,0.0,1.0,0.003
immoral,0.0,0.0,1.0,0.003
hominem,0.0,0.0,1.0,0.003
girlfriend,0.0,0.0,1.0,0.003
fuel,0.0,0.0,1.0,0.003
freedom,0.0,0.0,1.0,0.003
follow-up,0.0,0.0,1.0,0.003
ferrell,0.0,0.0,1.0,0.003
fashions,0.0,0.0,1.0,0.003
fame,0.0,0.0,1.0,0.003
evolves,0.0,0.0,1.0,0.003
engaging,0.0,0.0,1.0,0.003
endures,0.0,0.0,1.0,0.003
embraced,0.0,0.0,1.0,0.003
edwards,0.0,0.0,1.0,0.003
editors,0.0,0.0,1.0,0.003
duration,0.0,0.0,1.0,0.003
dominate,0.0,0.0,1.0,0.003
distressing,0.0,0.0,1.0,0.003
dismantle,0.0,0.0,1.0,0.003
discourse,0.0,0.0,1.0,0.003
disagree,0.0,0.0,1.0,0.003
dev,0.0,0.0,1.0,0.003
deserving,0.0,0.0,1.0,0.003
denouncers,0.0,0.0,1.0,0.003
decency,0.0,0.0,1.0,0.003
decemberists,0.0,0.0,1.0,0.003
datecreated,0.0,0.0,1.0,0.003
counter-revolution,0.0,0.0,1.0,0.003
contended,0.0,0.0,1.0,0.003
consensus,0.0,0.0,1.0,0.003
complimented,0.0,0.0,1.0,0.003
collectively,0.0,0.0,1.0,0.003
clashes,0.0,0.0,1.0,0.003
claiming,0.0,0.0,1.0,0.003
chiseled,0.0,0.0,1.0,0.003
cbsnews3.cbsistatic.com,0.0,0.0,1.0,0.003
c89f3126bbae,0.0,0.0,1.0,0.003
brosnahan,0.0,0.0,1.0,0.003
breitbart,0.0,0.0,1.0,0.003
boundaries,0.0,0.0,1.0,0.003
billboards,0.0,0.0,1.0,0.003
bae,0.0,0.0,1.0,0.003
awry,0.0,0.0,1.0,0.003
asserted,0.0,0.0,1.0,0.003
arguably,0.0,0.0,1.0,0.003
airdate,0.0,0.0,1.0,0.003
after-party,0.0,0.0,1.0,0.003
affirmative,0.0,0.0,1.0,0.003
75th,0.0,0.0,1.0,0.003
0117-ctm-dylanfarrow-king-1483636-640x360.jpg,0.0,0.0,1.0,0.003
writ,0.0,0.0,1.0,0.002
waldorf,0.0,0.0,1.0,0.002
wahlberg,0.0,0.0,1.0,0.002
voiced,0.0,0.0,1.0,0.002
vindicated,0.0,0.0,1.0,0.002
vargas,0.0,0.0,1.0,0.002
v-shape,0.0,0.0,1.0,0.002
underway,0.0,0.0,1.0,0.002
understands,0.0,0.0,1.0,0.002
unattractive,0.0,0.0,1.0,0.002
uber,0.0,0.0,1.0,0.002
typically,0.0,0.0,1.0,0.002
triggers,0.0,0.0,1.0,0.002
treating,0.0,0.0,1.0,0.002
tracy,0.0,0.0,1.0,0.002
tolerated,0.0,0.0,1.0,0.002
tipping,0.0,0.0,1.0,0.002
ticket,0.0,0.0,1.0,0.002
thumbnail,0.0,0.0,1.0,0.002
thompson,0.0,0.0,1.0,0.002
thinkers,0.0,0.0,1.0,0.002
testosterone,0.0,0.0,1.0,0.002
tentative,0.0,0.0,1.0,0.002
subsequent,0.0,0.0,1.0,0.002
sticking,0.0,0.0,1.0,0.002
statuette,0.0,0.0,1.0,0.002
stassa,0.0,0.0,1.0,0.002
staged,0.0,0.0,1.0,0.002
squad,0.0,0.0,1.0,0.002
spreadsheet,0.0,0.0,1.0,0.002
sports,0.0,0.0,1.0,0.002
split,0.0,0.0,1.0,0.002
sonnie,0.0,0.0,1.0,0.002
smoother,0.0,0.0,1.0,0.002
skewed,0.0,0.0,1.0,0.002
shrine,0.0,0.0,1.0,0.002
shocked,0.0,0.0,1.0,0.002
shy,0.0,0.0,1.0,0.002
sheer,0.0,0.0,1.0,0.002
shameless,0.0,0.0,1.0,0.002
severely,0.0,0.0,1.0,0.002
sensational,0.0,0.0,1.0,0.002
self-proclaimed,0.0,0.0,1.0,0.002
screenplay,0.0,0.0,1.0,0.002
scenario,0.0,0.0,1.0,0.002
sam,0.0,0.0,1.0,0.002
ross,0.0,0.0,1.0,0.002
roseanne,0.0,0.0,1.0,0.002
rorschach,0.0,0.0,1.0,0.002
ridicule,0.0,0.0,1.0,0.002
retweeted,0.0,0.0,1.0,0.002
resuming,0.0,0.0,1.0,0.002
reshoots,0.0,0.0,1.0,0.002
resembles,0.0,0.0,1.0,0.002
repressive,0.0,0.0,1.0,0.002
relax,0.0,0.0,1.0,0.002
relates,0.0,0.0,1.0,0.002
reinforced,0.0,0.0,1.0,0.002
rehabilitate,0.0,0.0,1.0,0.002
regretting,0.0,0.0,1.0,0.002
recognizing,0.0,0.0,1.0,0.002
rebuild,0.0,0.0,1.0,0.002
realm,0.0,0.0,1.0,0.002
realities,0.0,0.0,1.0,0.002
real-world,0.0,0.0,1.0,0.002
rails,0.0,0.0,1.0,0.002
pursuit,0.0,0.0,1.0,0.002
pursuing,0.0,0.0,1.0,0.002
pt,0.0,0.0,1.0,0.002
protestations,0.0,0.0,1.0,0.002
priming,0.0,0.0,1.0,0.002
posited,0.0,0.0,1.0,0.002
politeness,0.0,0.0,1.0,0.002
podcast,0.0,0.0,1.0,0.002
pivot,0.0,0.0,1.0,0.002
pig,0.0,0.0,1.0,0.002
picking,0.0,0.0,1.0,0.002
persona,0.0,0.0,1.0,0.002
person's,0.0,0.0,1.0,0.002
pen,0.0,0.0,1.0,0.002
passive,0.0,0.0,1.0,0.002
participant's,0.0,0.0,1.0,0.002
overwhelmingly,0.0,0.0,1.0,0.002
overreactions,0.0,0.0,1.0,0.002
outright,0.0,0.0,1.0,0.002
osita,0.0,0.0,1.0,0.002
option,0.0,0.0,1.0,0.002
nwanevu,0.0,0.0,1.0,0.002
novelist,0.0,0.0,1.0,0.002
noreen,0.0,0.0,1.0,0.002
nonverbal,0.0,0.0,1.0,0.002
none's,0.0,0.0,1.0,0.002
no-show,0.0,0.0,1.0,0.002
narcissistic,0.0,0.0,1.0,0.002
mutually,0.0,0.0,1.0,0.002
muster,0.0,0.0,1.0,0.002
moss,0.0,0.0,1.0,0.002
morgan,0.0,0.0,1.0,0.002
mores,0.0,0.0,1.0,0.002
misunderstandings,0.0,0.0,1.0,0.002
missouri,0.0,0.0,1.0,0.002
miscommunication,0.0,0.0,1.0,0.002
mirrored,0.0,0.0,1.0,0.002
milloy,0.0,0.0,1.0,0.002
messages,0.0,0.0,1.0,0.002
meghan,0.0,0.0,1.0,0.002
megan,0.0,0.0,1.0,0.002
mckinnon,0.0,0.0,1.0,0.002
mcgregor,0.0,0.0,1.0,0.002
mccarthyites,0.0,0.0,1.0,0.002
marched,0.0,0.0,1.0,0.002
manhattan,0.0,0.0,1.0,0.002
mainstream,0.0,0.0,1.0,0.002
liz,0.0,0.0,1.0,0.002
lengthy,0.0,0.0,1.0,0.002
layer,0.0,0.0,1.0,0.002
lambasting,0.0,0.0,1.0,0.002
joyless,0.0,0.0,1.0,0.002
joking,0.0,0.0,1.0,0.002
johnson,0.0,0.0,1.0,0.002
interviewing,0.0,0.0,1.0,0.002
institutional,0.0,0.0,1.0,0.002
individualist,0.0,0.0,1.0,0.002
indian,0.0,0.0,1.0,0.002
independent,0.0,0.0,1.0,0.002
indecent,0.0,0.0,1.0,0.002
ill,0.0,0.0,1.0,0.002
hysterical,0.0,0.0,1.0,0.002
howard,0.0,0.0,1.0,0.002
horrifying,0.0,0.0,1.0,0.002
horrible,0.0,0.0,1.0,0.002
hooking,0.0,0.0,1.0,0.002
hollow,0.0,0.0,1.0,0.002
hint,0.0,0.0,1.0,0.002
hesitation,0.0,0.0,1.0,0.002
heartbreaking,0.0,0.0,1.0,0.002
harvard,0.0,0.0,1.0,0.002
harper's,0.0,0.0,1.0,0.002
hardwick,0.0,0.0,1.0,0.002
hanna,0.0,0.0,1.0,0.002
grope,0.0,0.0,1.0,0.002
grapple,0.0,0.0,1.0,0.002
gillian,0.0,0.0,1.0,0.002
gig,0.0,0.0,1.0,0.002
garber,0.0,0.0,1.0,0.002
gap,0.0,0.0,1.0,0.002
furious,0.0,0.0,1.0,0.002
fuck,0.0,0.0,1.0,0.002
frontrunner,0.0,0.0,1.0,0.002
fred,0.0,0.0,1.0,0.002
flawed,0.0,0.0,1.0,0.002
first-person,0.0,0.0,1.0,0.002
fervently,0.0,0.0,1.0,0.002
fairness,0.0,0.0,1.0,0.002
extremes,0.0,0.0,1.0,0.002
explosive,0.0,0.0,1.0,0.002
explicitly,0.0,0.0,1.0,0.002
expelled,0.0,0.0,1.0,0.002
exerted,0.0,0.0,1.0,0.002
executed,0.0,0.0,1.0,0.002
excluded,0.0,0.0,1.0,0.002
ewan,0.0,0.0,1.0,0.002
escalated,0.0,0.0,1.0,0.002
equating,0.0,0.0,1.0,0.002
ensuring,0.0,0.0,1.0,0.002
endangered,0.0,0.0,1.0,0.002
encompass,0.0,0.0,1.0,0.002
emphasized,0.0,0.0,1.0,0.002
emerge,0.0,0.0,1.0,0.002
emblem,0.0,0.0,1.0,0.002
elisabeth,0.0,0.0,1.0,0.002
echoes,0.0,0.0,1.0,0.002
ebbing,0.0,0.0,1.0,0.002
dylan,0.0,0.0,1.0,0.002
dworman,0.0,0.0,1.0,0.002
downfall,0.0,0.0,1.0,0.002
dowd's,0.0,0.0,1.0,0.002
dooming,0.0,0.0,1.0,0.002
disturbing,0.0,0.0,1.0,0.002
distinctly,0.0,0.0,1.0,0.002
dissections,0.0,0.0,1.0,0.002
disgust,0.0,0.0,1.0,0.002
discredit,0.0,0.0,1.0,0.002
disagreement,0.0,0.0,1.0,0.002
digitally,0.0,0.0,1.0,0.002
differing,0.0,0.0,1.0,0.002
devolve,0.0,0.0,1.0,0.002
devos,0.0,0.0,1.0,0.002
democratic,0.0,0.0,1.0,0.002
definitions,0.0,0.0,1.0,0.002
deemed,0.0,0.0,1.0,0.002
dave,0.0,0.0,1.0,0.002
damaging,0.0,0.0,1.0,0.002
cunningham,0.0,0.0,1.0,0.002
criticising,0.0,0.0,1.0,0.002
creepy,0.0,0.0,1.0,0.002
creep,0.0,0.0,1.0,0.002
courrielche,0.0,0.0,1.0,0.002
countertops,0.0,0.0,1.0,0.002
consult,0.0,0.0,1.0,0.002
constituted,0.0,0.0,1.0,0.002
confusing,0.0,0.0,1.0,0.002
conflicting,0.0,0.0,1.0,0.002
conflating,0.0,0.0,1.0,0.002
condom,0.0,0.0,1.0,0.002
concludes,0.0,0.0,1.0,0.002
complexity,0.0,0.0,1.0,0.002
complaining,0.0,0.0,1.0,0.002
comparing,0.0,0.0,1.0,0.002
commonplace,0.0,0.0,1.0,0.002
committing,0.0,0.0,1.0,0.002
comic's,0.0,0.0,1.0,0.002
comedic,0.0,0.0,1.0,0.002
coerce,0.0,0.0,1.0,0.002
co-creator,0.0,0.0,1.0,0.002
cnn's,0.0,0.0,1.0,0.002
clients,0.0,0.0,1.0,0.002
cis,0.0,0.0,1.0,0.002
christopher,0.0,0.0,1.0,0.002
chill,0.0,0.0,1.0,0.002
characterizing,0.0,0.0,1.0,0.002
casts,0.0,0.0,1.0,0.002
carrie,0.0,0.0,1.0,0.002
calif,0.0,0.0,1.0,0.002
cab,0.0,0.0,1.0,0.002
bustle,0.0,0.0,1.0,0.002
bunch,0.0,0.0,1.0,0.002
bumped,0.0,0.0,1.0,0.002
brown-skinned,0.0,0.0,1.0,0.002
breadth,0.0,0.0,1.0,0.002
blasts,0.0,0.0,1.0,0.002
blamed,0.0,0.0,1.0,0.002
binary,0.0,0.0,1.0,0.002
beneficiary,0.0,0.0,1.0,0.002
behaviors,0.0,0.0,1.0,0.002
bartholet,0.0,0.0,1.0,0.002
barr,0.0,0.0,1.0,0.002
banished,0.0,0.0,1.0,0.002
badgered,0.0,0.0,1.0,0.002
awful,0.0,0.0,1.0,0.002
auditorium,0.0,0.0,1.0,0.002
audiences,0.0,0.0,1.0,0.002
atwood's,0.0,0.0,1.0,0.002
astoria,0.0,0.0,1.0,0.002
assailant,0.0,0.0,1.0,0.002
armisen,0.0,0.0,1.0,0.002
anderson,0.0,0.0,1.0,0.002
amazon's,0.0,0.0,1.0,0.002
airing,0.0,0.0,1.0,0.002
aiming,0.0,0.0,1.0,0.002
aidy,0.0,0.0,1.0,0.002
acrimony,0.0,0.0,1.0,0.002
"3,000-",0.0,0.0,1.0,0.002
12:42,0.0,0.0,1.0,0.002
07:42,0.0,0.0,1.0,0.002
youth,0.0,0.0,1.0,0.001
yelp,0.0,0.0,1.0,0.001
year-old's,0.0,0.0,1.0,0.001
x360,0.0,0.0,1.0,0.001
x-rated,0.0,0.0,1.0,0.001
www.theatlantic.com/live/events/metoo-an-atlantic-exchange/2018/,0.0,0.0,1.0,0.001
wrench,0.0,0.0,1.0,0.001
wounds,0.0,0.0,1.0,0.001
wortham,0.0,0.0,1.0,0.001
world's,0.0,0.0,1.0,0.001
woody-allen,0.0,0.0,1.0,0.001
woodwork,0.0,0.0,1.0,0.001
withstand,0.0,0.0,1.0,0.001
witch-hunts,0.0,0.0,1.0,0.001
witnessing,0.0,0.0,1.0,0.001
wilhelm,0.0,0.0,1.0,0.001
whoa,0.0,0.0,1.0,0.001
wertheim,0.0,0.0,1.0,0.001
well-known,0.0,0.0,1.0,0.001
well-established,0.0,0.0,1.0,0.001
week's,0.0,0.0,1.0,0.001
wednesday's,0.0,0.0,1.0,0.001
weathered,0.0,0.0,1.0,0.001
wealth,0.0,0.0,1.0,0.001
weakens,0.0,0.0,1.0,0.001
weaknesses,0.0,0.0,1.0,0.001
way's,0.0,0.0,1.0,0.001
waved,0.0,0.0,1.0,0.001
warriors,0.0,0.0,1.0,0.001
waiter,0.0,0.0,1.0,0.001
waded,0.0,0.0,1.0,0.001
voicemail,0.0,0.0,1.0,0.001
vitriol,0.0,0.0,1.0,0.001
versions,0.0,0.0,1.0,0.001
verbally,0.0,0.0,1.0,0.001
veracity,0.0,0.0,1.0,0.001
venue,0.0,0.0,1.0,0.001
varieties,0.0,0.0,1.0,0.001
valentine's,0.0,0.0,1.0,0.001
valenti,0.0,0.0,1.0,0.001
vaguely,0.0,0.0,1.0,0.001
uttered,0.0,0.0,1.0,0.001
urquhart,0.0,0.0,1.0,0.001
urging,0.0,0.0,1.0,0.001
uptick,0.0,0.0,1.0,0.001
updated,0.0,0.0,1.0,0.001
unwitting,0.0,0.0,1.0,0.001
unwise,0.0,0.0,1.0,0.001
unwelcome,0.0,0.0,1.0,0.001
unthinkingly,0.0,0.0,1.0,0.001
unrelated,0.0,0.0,1.0,0.001
unrealistically,0.0,0.0,1.0,0.001
unraveling,0.0,0.0,1.0,0.001
unpleasant,0.0,0.0,1.0,0.001
unnecessary,0.0,0.0,1.0,0.001
unheralded,0.0,0.0,1.0,0.001
unhappiness,0.0,0.0,1.0,0.001
unfounded,0.0,0.0,1.0,0.001
unexplored,0.0,0.0,1.0,0.001
unenforceable,0.0,0.0,1.0,0.001
undressed,0.0,0.0,1.0,0.001
undo,0.0,0.0,1.0,0.001
undisputed,0.0,0.0,1.0,0.001
undervaluing,0.0,0.0,1.0,0.001
underlining,0.0,0.0,1.0,0.001
underage,0.0,0.0,1.0,0.001
undeniable,0.0,0.0,1.0,0.001
uncompromising,0.0,0.0,1.0,0.001
unacceptable,0.0,0.0,1.0,0.001
un'occasione,0.0,0.0,1.0,0.001
umbrella,0.0,0.0,1.0,0.001
uk,0.0,0.0,1.0,0.001
ubiquity,0.0,0.0,1.0,0.001
twenty-four,0.0,0.0,1.0,0.001
tupac,0.0,0.0,1.0,0.001
tune,0.0,0.0,1.0,0.001
tryst,0.0,0.0,1.0,0.001
trophy,0.0,0.0,1.0,0.001
tropes,0.0,0.0,1.0,0.001
trivializes,0.0,0.0,1.0,0.001
trickier,0.0,0.0,1.0,0.001
tremendously,0.0,0.0,1.0,0.001
traveling,0.0,0.0,1.0,0.001
trauma,0.0,0.0,1.0,0.001
tratta,0.0,0.0,1.0,0.001
trasformando,0.0,0.0,1.0,0.001
trapped,0.0,0.0,1.0,0.001
translates,0.0,0.0,1.0,0.001
transitive,0.0,0.0,1.0,0.001
transgender,0.0,0.0,1.0,0.001
transforms,0.0,0.0,1.0,0.001
transaction,0.0,0.0,1.0,0.001
trans,0.0,0.0,1.0,0.001
tracing,0.0,0.0,1.0,0.001
toxic,0.0,0.0,1.0,0.001
townhall,0.0,0.0,1.0,0.001
touchstones,0.0,0.0,1.0,0.001
toro,0.0,0.0,1.0,0.001
too-far,0.0,0.0,1.0,0.001
tolentino,0.0,0.0,1.0,0.001
tokyo,0.0,0.0,1.0,0.001
titular,0.0,0.0,1.0,0.001
tinder,0.0,0.0,1.0,0.001
tina,0.0,0.0,1.0,0.001
tightly,0.0,0.0,1.0,0.001
tidal,0.0,0.0,1.0,0.001
throwing,0.0,0.0,1.0,0.001
threesome,0.0,0.0,1.0,0.001
thoughtful,0.0,0.0,1.0,0.001
thorny,0.0,0.0,1.0,0.001
third-year,0.0,0.0,1.0,0.001
thesis,0.0,0.0,1.0,0.001
then-peaking,0.0,0.0,1.0,0.001
then-nascent,0.0,0.0,1.0,0.001
themes,0.0,0.0,1.0,0.001
thanksgiving,0.0,0.0,1.0,0.001
testimonies,0.0,0.0,1.0,0.001
terror,0.0,0.0,1.0,0.001
terrain,0.0,0.0,1.0,0.001
tell-all,0.0,0.0,1.0,0.001
ted,0.0,0.0,1.0,0.001
team's,0.0,0.0,1.0,0.001
tchen,0.0,0.0,1.0,0.001
tbs,0.0,0.0,1.0,0.001
taub,0.0,0.0,1.0,0.001
tatters,0.0,0.0,1.0,0.001
tantomeno,0.0,0.0,1.0,0.001
tangled,0.0,0.0,1.0,0.001
takeaway,0.0,0.0,1.0,0.001
tahir,0.0,0.0,1.0,0.001
tab,0.0,0.0,1.0,0.001
symptom,0.0,0.0,1.0,0.001
sympathize,0.0,0.0,1.0,0.001
swirl,0.0,0.0,1.0,0.001
swine,0.0,0.0,1.0,0.001
swimsuit,0.0,0.0,1.0,0.001
swelled,0.0,0.0,1.0,0.001
suspicious,0.0,0.0,1.0,0.001
surveyed,0.0,0.0,1.0,0.001
surveillance,0.0,0.0,1.0,0.001
surrendered,0.0,0.0,1.0,0.001
superiors,0.0,0.0,1.0,0.001
suffragettes,0.0,0.0,1.0,0.001
succeed,0.0,0.0,1.0,0.001
subway,0.0,0.0,1.0,0.001
subordinated,0.0,0.0,1.0,0.001
subjugate,0.0,0.0,1.0,0.001
subheadline,0.0,0.0,1.0,0.001
sued,0.0,0.0,1.0,0.001
stunning,0.0,0.0,1.0,0.001
struggled,0.0,0.0,1.0,0.001
strawman,0.0,0.0,1.0,0.001
straw,0.0,0.0,1.0,0.001
strauss,0.0,0.0,1.0,0.001
strands,0.0,0.0,1.0,0.001
straightforward,0.0,0.0,1.0,0.001
storyline,0.0,0.0,1.0,0.001
stopping,0.0,0.0,1.0,0.001
stone-faced,0.0,0.0,1.0,0.001
stirred,0.0,0.0,1.0,0.001
sting,0.0,0.0,1.0,0.001
steve,0.0,0.0,1.0,0.001
stelter,0.0,0.0,1.0,0.001
stawiarz,0.0,0.0,1.0,0.001
stati,0.0,0.0,1.0,0.001
startling,0.0,0.0,1.0,0.001
starkly,0.0,0.0,1.0,0.001
starbucks,0.0,0.0,1.0,0.001
stanice,0.0,0.0,1.0,0.001
standby,0.0,0.0,1.0,0.001
stalinism,0.0,0.0,1.0,0.001
spun,0.0,0.0,1.0,0.001
spokespeople,0.0,0.0,1.0,0.001
splaining,0.0,0.0,1.0,0.001
spit,0.0,0.0,1.0,0.001
spinning,0.0,0.0,1.0,0.001
spells,0.0,0.0,1.0,0.001
speculated,0.0,0.0,1.0,0.001
speak-out,0.0,0.0,1.0,0.001
spamming,0.0,0.0,1.0,0.001
somber,0.0,0.0,1.0,0.001
sociologist,0.0,0.0,1.0,0.001
sociological,0.0,0.0,1.0,0.001
societal,0.0,0.0,1.0,0.001
sober,0.0,0.0,1.0,0.001
snowflakes,0.0,0.0,1.0,0.001
snapshot,0.0,0.0,1.0,0.001
smoking,0.0,0.0,1.0,0.001
smear,0.0,0.0,1.0,0.001
smacks,0.0,0.0,1.0,0.001
slowed,0.0,0.0,1.0,0.001
slime,0.0,0.0,1.0,0.001
slightest,0.0,0.0,1.0,0.001
slew,0.0,0.0,1.0,0.001
sleazy,0.0,0.0,1.0,0.001
skit,0.0,0.0,1.0,0.001
skeevy,0.0,0.0,1.0,0.001
skarsgard,0.0,0.0,1.0,0.001
sixty-eight,0.0,0.0,1.0,0.001
sisters,0.0,0.0,1.0,0.001
sins,0.0,0.0,1.0,0.001
simultaneously,0.0,0.0,1.0,0.001
simpsons,0.0,0.0,1.0,0.001
simplistic,0.0,0.0,1.0,0.001
simone,0.0,0.0,1.0,0.001
similarities,0.0,0.0,1.0,0.001
silman,0.0,0.0,1.0,0.001
silly,0.0,0.0,1.0,0.001
silenced,0.0,0.0,1.0,0.001
signaling,0.0,0.0,1.0,0.001
sidney,0.0,0.0,1.0,0.001
shops,0.0,0.0,1.0,0.001
shootings,0.0,0.0,1.0,0.001
shoo-in,0.0,0.0,1.0,0.001
shit,0.0,0.0,1.0,0.001
shined,0.0,0.0,1.0,0.001
sherman's,0.0,0.0,1.0,0.001
shapiro,0.0,0.0,1.0,0.001
shah,0.0,0.0,1.0,0.001
sexul,0.0,0.0,1.0,0.001
sexual-assault,0.0,0.0,1.0,0.001
sexy,0.0,0.0,1.0,0.001
sexes,0.0,0.0,1.0,0.001
setback,0.0,0.0,1.0,0.001
seriousness,0.0,0.0,1.0,0.001
serial,0.0,0.0,1.0,0.001
sentiments,0.0,0.0,1.0,0.001
self-righteous,0.0,0.0,1.0,0.001
self-reflective,0.0,0.0,1.0,0.001
self-interrogative,0.0,0.0,1.0,0.001
self-described,0.0,0.0,1.0,0.001
segnali,0.0,0.0,1.0,0.001
seemingly,0.0,0.0,1.0,0.001
seductive,0.0,0.0,1.0,0.001
seduce,0.0,0.0,1.0,0.001
sec,0.0,0.0,1.0,0.001
seasons,0.0,0.0,1.0,0.001
scrub,0.0,0.0,1.0,0.001
scripts,0.0,0.0,1.0,0.001
scribe,0.0,0.0,1.0,0.001
screed,0.0,0.0,1.0,0.001
scram,0.0,0.0,1.0,0.001
scott,0.0,0.0,1.0,0.001
scornfully,0.0,0.0,1.0,0.001
scorched,0.0,0.0,1.0,0.001
sciortino,0.0,0.0,1.0,0.001
schur,0.0,0.0,1.0,0.001
schooner,0.0,0.0,1.0,0.001
schneiderman's,0.0,0.0,1.0,0.001
scarnici,0.0,0.0,1.0,0.001
scary,0.0,0.0,1.0,0.001
scapegoated,0.0,0.0,1.0,0.001
santa,0.0,0.0,1.0,0.001
sanctioned,0.0,0.0,1.0,0.001
salty,0.0,0.0,1.0,0.001
salacious,0.0,0.0,1.0,0.001
sadly,0.0,0.0,1.0,0.001
sabalvaro,0.0,0.0,1.0,0.001
rushing,0.0,0.0,1.0,0.001
rumors,0.0,0.0,1.0,0.001
rumblings,0.0,0.0,1.0,0.001
